"Author";"Class";"Name";"ShortName";"Value"
"Wilson Savino";"Pre-Outbreak";"Most Common Journal Area";"TopField";"IMMUNOLOGY"
"Wilson Savino";"Pre-Outbreak";"Total Citations";"Citations";"3509"
"Wilson Savino";"Pre-Outbreak";"Citations per Paper";"CitationRate";"20.52"
"Wilson Savino";"Pre-Outbreak";"Number of Authors per Paper";"AvgAuthorNumber";"6.34"
"Wilson Savino";"Pre-Outbreak";"Number of non-INTL Authors per Paper";"AvgAuthorNumberNonINTL";"3.22826086956522"
"Wilson Savino";"Pre-Outbreak";"Number of INTL Authors per Paper";"AvgAuthorNumberINTL";"1.72826086956522"
"Wilson Savino";"Pre-Outbreak";"Total Papers";"Papers";"92"
"Wilson Savino";"Pre-Outbreak";"Papers with International Affiliations";"PapersINTL";"55"
"Wilson Savino";"Pre-Outbreak";"Percentage of Papers with International Affiliations";"PercPapersINTL";"0.6"
"Wilson Savino";"Pre-Outbreak";"Academic Age - Years Since the First Paper Record";"Academic Age";"40"
"Wilson Savino";"Pre-Outbreak";"Percentage of Zika-related papers";"PercZika";"0"
"Wilson Savino";"Pre-Outbreak";"Number of highly-cited Zika papers";"HighlyCited";"0"
"Wilson Savino";"Post-Outbreak";"Most Common Journal Area";"TopField";"ENDOCRINOLOGY & METABOLISM"
"Wilson Savino";"Post-Outbreak";"Total Citations";"Citations";"240"
"Wilson Savino";"Post-Outbreak";"Citations per Paper";"CitationRate";"5.85"
"Wilson Savino";"Post-Outbreak";"Number of Authors per Paper";"AvgAuthorNumber";"8.71"
"Wilson Savino";"Post-Outbreak";"Number of non-INTL Authors per Paper";"AvgAuthorNumberNonINTL";"5"
"Wilson Savino";"Post-Outbreak";"Number of INTL Authors per Paper";"AvgAuthorNumberINTL";"1.1025641025641"
"Wilson Savino";"Post-Outbreak";"Total Papers";"Papers";"39"
"Wilson Savino";"Post-Outbreak";"Papers with International Affiliations";"PapersINTL";"16"
"Wilson Savino";"Post-Outbreak";"Percentage of Papers with International Affiliations";"PercPapersINTL";"0.41"
"Wilson Savino";"Post-Outbreak";"Academic Age - Years Since the First Paper Record";"Academic Age";"5"
"Wilson Savino";"Post-Outbreak";"Percentage of Zika-related papers";"PercZika";"0.07"
"Wilson Savino";"Post-Outbreak";"Number of highly-cited Zika papers";"HighlyCited";"0"
"Wilson Savino";"Zika";"Most Common Journal Area";"TopField";"GENERAL & INTERNAL MEDICINE"
"Wilson Savino";"Zika";"Frequency of MeSH Category - Vector & Transmission";"MeSHCat - Frequency of MeSH Category - Vector & Transmission";"0"
"Wilson Savino";"Zika";"Frequency of MeSH Category - Epidemiology, Outbreaks & Surveillance";"MeSHCat - Frequency of MeSH Category - Epidemiology, Outbreaks & Surveillance";"1"
"Wilson Savino";"Zika";"Frequency of MeSH Category - Microcephaly, Fetal infections & Pregnancy Complications";"MeSHCat - Frequency of MeSH Category - Microcephaly, Fetal infections & Pregnancy Complications";"0"
"Wilson Savino";"Zika";"Frequency of MeSH Category - Virus Characterization";"MeSHCat - Frequency of MeSH Category - Virus Characterization";"1"
"Wilson Savino";"Zika";"Frequency of MeSH Category - Related Diseases";"MeSHCat - Frequency of MeSH Category - Related Diseases";"0"
"Wilson Savino";"Zika";"Frequency of MeSH Category - Treatments, Vaccines & Diagnostic Tests";"MeSHCat - Frequency of MeSH Category - Treatments, Vaccines & Diagnostic Tests";"0"
"Wilson Savino";"Zika";"Frequency of MeSH Category - Clinical manifestations";"MeSHCat - Frequency of MeSH Category - Clinical manifestations";"1"
"Wilson Savino";"Zika";"Citations from papers in MeSH Category - Vector & Transmission";"MeSHCatCites - Vector & Transmission";"0"
"Wilson Savino";"Zika";"Citations from papers in MeSH Category - Epidemiology, Outbreaks & Surveillance";"MeSHCatCites - Epidemiology, Outbreaks & Surveillance";"6"
"Wilson Savino";"Zika";"Citations from papers in MeSH Category - Microcephaly, Fetal infections & Pregnancy Complications";"MeSHCatCites - Microcephaly, Fetal infections & Pregnancy Complications";"0"
"Wilson Savino";"Zika";"Citations from papers in MeSH Category - Virus Characterization";"MeSHCatCites - Virus Characterization";"2"
"Wilson Savino";"Zika";"Citations from papers in MeSH Category - Related Diseases";"MeSHCatCites - Related Diseases";"0"
"Wilson Savino";"Zika";"Citations from papers in MeSH Category - Treatments, Vaccines & Diagnostic Tests";"MeSHCatCites - Treatments, Vaccines & Diagnostic Tests";"0"
"Wilson Savino";"Zika";"Citations from papers in MeSH Category - Clinical manifestations";"MeSHCatCites - Clinical manifestations";"6"
"Wilson Savino";"Zika";"Total Citations";"Citations";"15"
"Wilson Savino";"Zika";"Citations per Paper";"CitationRate";"5"
"Wilson Savino";"Zika";"Number of Authors per Paper";"AvgAuthorNumber";"12"
"Wilson Savino";"Zika";"Number of non-INTL Authors per Paper";"AvgAuthorNumberNonINTL";"6.66666666666667"
"Wilson Savino";"Zika";"Number of INTL Authors per Paper";"AvgAuthorNumberINTL";"0"
"Wilson Savino";"Zika";"Total Papers";"Papers";"3"
"Wilson Savino";"Zika";"Papers with International Affiliations";"PapersINTL";"0"
"Wilson Savino";"Zika";"Percentage of Papers with International Affiliations";"PercPapersINTL";"0"
"Wilson Savino";"Zika";"Academic Age - Years Since the First Paper Record";"Academic Age";"4"
"Wilson Savino";"Zika";"Percentage of Zika-related papers";"PercZika";"1"
"Wilson Savino";"Zika";"Number of highly-cited Zika papers";"HighlyCited";"0"
"Wilson Savino";"All";"Author affiliations";"Affiliation";"FIOCRUZ;FIOCRUZ MS;FIOCRUZ RJ;UFF;-"
"Wilson Savino";"All";"Authos afilliation states";"State";"RJ;-;MS"
"Wilson Savino";"All";"Author affiliation regions";"Region";"SE;CO"
"Wilson Savino";"All";"CognitiveCareerNetworkCoupling";"CareerNetCoupling";"Coupled to Zika through non-Zika"
"Wilson Savino";"All";"CognitiveCareerNetworkPivot";"CareerNetPivot";"Soft pivot"
"Mário Alberto Cardoso da Silva Neto";"Pre-Outbreak";"Most Common Journal Area";"TopField";"BIOCHEMISTRY & MOLECULAR BIOLOGY"
"Mário Alberto Cardoso da Silva Neto";"Pre-Outbreak";"Total Citations";"Citations";"1258"
"Mário Alberto Cardoso da Silva Neto";"Pre-Outbreak";"Citations per Paper";"CitationRate";"20.62"
"Mário Alberto Cardoso da Silva Neto";"Pre-Outbreak";"Number of Authors per Paper";"AvgAuthorNumber";"10.13"
"Mário Alberto Cardoso da Silva Neto";"Pre-Outbreak";"Number of non-INTL Authors per Paper";"AvgAuthorNumberNonINTL";"5.31034482758621"
"Mário Alberto Cardoso da Silva Neto";"Pre-Outbreak";"Number of INTL Authors per Paper";"AvgAuthorNumberINTL";"1"
"Mário Alberto Cardoso da Silva Neto";"Pre-Outbreak";"Total Papers";"Papers";"29"
"Mário Alberto Cardoso da Silva Neto";"Pre-Outbreak";"Papers with International Affiliations";"PapersINTL";"11"
"Mário Alberto Cardoso da Silva Neto";"Pre-Outbreak";"Percentage of Papers with International Affiliations";"PercPapersINTL";"0.38"
"Mário Alberto Cardoso da Silva Neto";"Pre-Outbreak";"Academic Age - Years Since the First Paper Record";"Academic Age";"28"
"Mário Alberto Cardoso da Silva Neto";"Pre-Outbreak";"Percentage of Zika-related papers";"PercZika";"0"
"Mário Alberto Cardoso da Silva Neto";"Pre-Outbreak";"Number of highly-cited Zika papers";"HighlyCited";"0"
"Mário Alberto Cardoso da Silva Neto";"Post-Outbreak";"Most Common Journal Area";"TopField";"PARASITOLOGY"
"Mário Alberto Cardoso da Silva Neto";"Post-Outbreak";"Total Citations";"Citations";"42"
"Mário Alberto Cardoso da Silva Neto";"Post-Outbreak";"Citations per Paper";"CitationRate";"4.2"
"Mário Alberto Cardoso da Silva Neto";"Post-Outbreak";"Number of Authors per Paper";"AvgAuthorNumber";"19.6"
"Mário Alberto Cardoso da Silva Neto";"Post-Outbreak";"Number of non-INTL Authors per Paper";"AvgAuthorNumberNonINTL";"4.7"
"Mário Alberto Cardoso da Silva Neto";"Post-Outbreak";"Number of INTL Authors per Paper";"AvgAuthorNumberINTL";"0.2"
"Mário Alberto Cardoso da Silva Neto";"Post-Outbreak";"Total Papers";"Papers";"10"
"Mário Alberto Cardoso da Silva Neto";"Post-Outbreak";"Papers with International Affiliations";"PapersINTL";"2"
"Mário Alberto Cardoso da Silva Neto";"Post-Outbreak";"Percentage of Papers with International Affiliations";"PercPapersINTL";"0.2"
"Mário Alberto Cardoso da Silva Neto";"Post-Outbreak";"Academic Age - Years Since the First Paper Record";"Academic Age";"5"
"Mário Alberto Cardoso da Silva Neto";"Post-Outbreak";"Percentage of Zika-related papers";"PercZika";"0.1"
"Mário Alberto Cardoso da Silva Neto";"Post-Outbreak";"Number of highly-cited Zika papers";"HighlyCited";"0"
"Mário Alberto Cardoso da Silva Neto";"Zika";"Most Common Journal Area";"TopField";"PARASITOLOGY"
"Mário Alberto Cardoso da Silva Neto";"Zika";"Frequency of MeSH Category - Vector & Transmission";"MeSHCat - Frequency of MeSH Category - Vector & Transmission";"1"
"Mário Alberto Cardoso da Silva Neto";"Zika";"Frequency of MeSH Category - Epidemiology, Outbreaks & Surveillance";"MeSHCat - Frequency of MeSH Category - Epidemiology, Outbreaks & Surveillance";"0"
"Mário Alberto Cardoso da Silva Neto";"Zika";"Frequency of MeSH Category - Microcephaly, Fetal infections & Pregnancy Complications";"MeSHCat - Frequency of MeSH Category - Microcephaly, Fetal infections & Pregnancy Complications";"0"
"Mário Alberto Cardoso da Silva Neto";"Zika";"Frequency of MeSH Category - Virus Characterization";"MeSHCat - Frequency of MeSH Category - Virus Characterization";"0"
"Mário Alberto Cardoso da Silva Neto";"Zika";"Frequency of MeSH Category - Related Diseases";"MeSHCat - Frequency of MeSH Category - Related Diseases";"0"
"Mário Alberto Cardoso da Silva Neto";"Zika";"Frequency of MeSH Category - Treatments, Vaccines & Diagnostic Tests";"MeSHCat - Frequency of MeSH Category - Treatments, Vaccines & Diagnostic Tests";"0"
"Mário Alberto Cardoso da Silva Neto";"Zika";"Frequency of MeSH Category - Clinical manifestations";"MeSHCat - Frequency of MeSH Category - Clinical manifestations";"0"
"Mário Alberto Cardoso da Silva Neto";"Zika";"Citations from papers in MeSH Category - Vector & Transmission";"MeSHCatCites - Vector & Transmission";"0"
"Mário Alberto Cardoso da Silva Neto";"Zika";"Citations from papers in MeSH Category - Epidemiology, Outbreaks & Surveillance";"MeSHCatCites - Epidemiology, Outbreaks & Surveillance";"0"
"Mário Alberto Cardoso da Silva Neto";"Zika";"Citations from papers in MeSH Category - Microcephaly, Fetal infections & Pregnancy Complications";"MeSHCatCites - Microcephaly, Fetal infections & Pregnancy Complications";"0"
"Mário Alberto Cardoso da Silva Neto";"Zika";"Citations from papers in MeSH Category - Virus Characterization";"MeSHCatCites - Virus Characterization";"0"
"Mário Alberto Cardoso da Silva Neto";"Zika";"Citations from papers in MeSH Category - Related Diseases";"MeSHCatCites - Related Diseases";"0"
"Mário Alberto Cardoso da Silva Neto";"Zika";"Citations from papers in MeSH Category - Treatments, Vaccines & Diagnostic Tests";"MeSHCatCites - Treatments, Vaccines & Diagnostic Tests";"0"
"Mário Alberto Cardoso da Silva Neto";"Zika";"Citations from papers in MeSH Category - Clinical manifestations";"MeSHCatCites - Clinical manifestations";"0"
"Mário Alberto Cardoso da Silva Neto";"Zika";"Total Citations";"Citations";"0"
"Mário Alberto Cardoso da Silva Neto";"Zika";"Citations per Paper";"CitationRate";"0"
"Mário Alberto Cardoso da Silva Neto";"Zika";"Number of Authors per Paper";"AvgAuthorNumber";"8"
"Mário Alberto Cardoso da Silva Neto";"Zika";"Number of non-INTL Authors per Paper";"AvgAuthorNumberNonINTL";"5"
"Mário Alberto Cardoso da Silva Neto";"Zika";"Number of INTL Authors per Paper";"AvgAuthorNumberINTL";"0"
"Mário Alberto Cardoso da Silva Neto";"Zika";"Total Papers";"Papers";"1"
"Mário Alberto Cardoso da Silva Neto";"Zika";"Papers with International Affiliations";"PapersINTL";"0"
"Mário Alberto Cardoso da Silva Neto";"Zika";"Percentage of Papers with International Affiliations";"PercPapersINTL";"0"
"Mário Alberto Cardoso da Silva Neto";"Zika";"Academic Age - Years Since the First Paper Record";"Academic Age";"1"
"Mário Alberto Cardoso da Silva Neto";"Zika";"Percentage of Zika-related papers";"PercZika";"1"
"Mário Alberto Cardoso da Silva Neto";"Zika";"Number of highly-cited Zika papers";"HighlyCited";"0"
"Mário Alberto Cardoso da Silva Neto";"All";"Author affiliations";"Affiliation";"INCT EM;UFRJ;UFSC"
"Mário Alberto Cardoso da Silva Neto";"All";"Authos afilliation states";"State";"RJ;-;SC"
"Mário Alberto Cardoso da Silva Neto";"All";"Author affiliation regions";"Region";"SE;S"
"Mário Alberto Cardoso da Silva Neto";"All";"CognitiveCareerNetworkCoupling";"CareerNetCoupling";"Coupled to both"
"Mário Alberto Cardoso da Silva Neto";"All";"CognitiveCareerNetworkPivot";"CareerNetPivot";"Soft pivot"
"José Mauro Peralta";"Pre-Outbreak";"Most Common Journal Area";"TopField";"TROPICAL MEDICINE"
"José Mauro Peralta";"Pre-Outbreak";"Total Citations";"Citations";"2353"
"José Mauro Peralta";"Pre-Outbreak";"Citations per Paper";"CitationRate";"28.7"
"José Mauro Peralta";"Pre-Outbreak";"Number of Authors per Paper";"AvgAuthorNumber";"6.44"
"José Mauro Peralta";"Pre-Outbreak";"Number of non-INTL Authors per Paper";"AvgAuthorNumberNonINTL";"2.63636363636364"
"José Mauro Peralta";"Pre-Outbreak";"Number of INTL Authors per Paper";"AvgAuthorNumberINTL";"0.666666666666667"
"José Mauro Peralta";"Pre-Outbreak";"Total Papers";"Papers";"33"
"José Mauro Peralta";"Pre-Outbreak";"Papers with International Affiliations";"PapersINTL";"8"
"José Mauro Peralta";"Pre-Outbreak";"Percentage of Papers with International Affiliations";"PercPapersINTL";"0.24"
"José Mauro Peralta";"Pre-Outbreak";"Academic Age - Years Since the First Paper Record";"Academic Age";"41"
"José Mauro Peralta";"Pre-Outbreak";"Percentage of Zika-related papers";"PercZika";"0"
"José Mauro Peralta";"Pre-Outbreak";"Number of highly-cited Zika papers";"HighlyCited";"0"
"José Mauro Peralta";"Post-Outbreak";"Most Common Journal Area";"TopField";"INFECTIOUS DISEASES"
"José Mauro Peralta";"Post-Outbreak";"Total Citations";"Citations";"268"
"José Mauro Peralta";"Post-Outbreak";"Citations per Paper";"CitationRate";"8.12"
"José Mauro Peralta";"Post-Outbreak";"Number of Authors per Paper";"AvgAuthorNumber";"7.55"
"José Mauro Peralta";"Post-Outbreak";"Number of non-INTL Authors per Paper";"AvgAuthorNumberNonINTL";"3.93103448275862"
"José Mauro Peralta";"Post-Outbreak";"Number of INTL Authors per Paper";"AvgAuthorNumberINTL";"0.517241379310345"
"José Mauro Peralta";"Post-Outbreak";"Total Papers";"Papers";"29"
"José Mauro Peralta";"Post-Outbreak";"Papers with International Affiliations";"PapersINTL";"7"
"José Mauro Peralta";"Post-Outbreak";"Percentage of Papers with International Affiliations";"PercPapersINTL";"0.24"
"José Mauro Peralta";"Post-Outbreak";"Academic Age - Years Since the First Paper Record";"Academic Age";"5"
"José Mauro Peralta";"Post-Outbreak";"Percentage of Zika-related papers";"PercZika";"0.21"
"José Mauro Peralta";"Post-Outbreak";"Number of highly-cited Zika papers";"HighlyCited";"0"
"José Mauro Peralta";"Zika";"Most Common Journal Area";"TopField";"TROPICAL MEDICINE"
"José Mauro Peralta";"Zika";"Frequency of MeSH Category - Vector & Transmission";"MeSHCat - Frequency of MeSH Category - Vector & Transmission";"2"
"José Mauro Peralta";"Zika";"Frequency of MeSH Category - Epidemiology, Outbreaks & Surveillance";"MeSHCat - Frequency of MeSH Category - Epidemiology, Outbreaks & Surveillance";"1"
"José Mauro Peralta";"Zika";"Frequency of MeSH Category - Microcephaly, Fetal infections & Pregnancy Complications";"MeSHCat - Frequency of MeSH Category - Microcephaly, Fetal infections & Pregnancy Complications";"0"
"José Mauro Peralta";"Zika";"Frequency of MeSH Category - Virus Characterization";"MeSHCat - Frequency of MeSH Category - Virus Characterization";"0"
"José Mauro Peralta";"Zika";"Frequency of MeSH Category - Related Diseases";"MeSHCat - Frequency of MeSH Category - Related Diseases";"3"
"José Mauro Peralta";"Zika";"Frequency of MeSH Category - Treatments, Vaccines & Diagnostic Tests";"MeSHCat - Frequency of MeSH Category - Treatments, Vaccines & Diagnostic Tests";"2"
"José Mauro Peralta";"Zika";"Frequency of MeSH Category - Clinical manifestations";"MeSHCat - Frequency of MeSH Category - Clinical manifestations";"0"
"José Mauro Peralta";"Zika";"Citations from papers in MeSH Category - Vector & Transmission";"MeSHCatCites - Vector & Transmission";"39"
"José Mauro Peralta";"Zika";"Citations from papers in MeSH Category - Epidemiology, Outbreaks & Surveillance";"MeSHCatCites - Epidemiology, Outbreaks & Surveillance";"11"
"José Mauro Peralta";"Zika";"Citations from papers in MeSH Category - Microcephaly, Fetal infections & Pregnancy Complications";"MeSHCatCites - Microcephaly, Fetal infections & Pregnancy Complications";"0"
"José Mauro Peralta";"Zika";"Citations from papers in MeSH Category - Virus Characterization";"MeSHCatCites - Virus Characterization";"0"
"José Mauro Peralta";"Zika";"Citations from papers in MeSH Category - Related Diseases";"MeSHCatCites - Related Diseases";"44"
"José Mauro Peralta";"Zika";"Citations from papers in MeSH Category - Treatments, Vaccines & Diagnostic Tests";"MeSHCatCites - Treatments, Vaccines & Diagnostic Tests";"34"
"José Mauro Peralta";"Zika";"Citations from papers in MeSH Category - Clinical manifestations";"MeSHCatCites - Clinical manifestations";"0"
"José Mauro Peralta";"Zika";"Total Citations";"Citations";"84"
"José Mauro Peralta";"Zika";"Citations per Paper";"CitationRate";"12"
"José Mauro Peralta";"Zika";"Number of Authors per Paper";"AvgAuthorNumber";"6"
"José Mauro Peralta";"Zika";"Number of non-INTL Authors per Paper";"AvgAuthorNumberNonINTL";"3.4"
"José Mauro Peralta";"Zika";"Number of INTL Authors per Paper";"AvgAuthorNumberINTL";"0"
"José Mauro Peralta";"Zika";"Total Papers";"Papers";"5"
"José Mauro Peralta";"Zika";"Papers with International Affiliations";"PapersINTL";"0"
"José Mauro Peralta";"Zika";"Percentage of Papers with International Affiliations";"PercPapersINTL";"0"
"José Mauro Peralta";"Zika";"Academic Age - Years Since the First Paper Record";"Academic Age";"5"
"José Mauro Peralta";"Zika";"Percentage of Zika-related papers";"PercZika";"1"
"José Mauro Peralta";"Zika";"Number of highly-cited Zika papers";"HighlyCited";"0"
"José Mauro Peralta";"All";"Author affiliations";"Affiliation";"FIOCRUZ;UFF;UFRJ"
"José Mauro Peralta";"All";"Authos afilliation states";"State";"RJ"
"José Mauro Peralta";"All";"Author affiliation regions";"Region";"SE"
"José Mauro Peralta";"All";"CognitiveCareerNetworkCoupling";"CareerNetCoupling";"Coupled to both"
"José Mauro Peralta";"All";"CognitiveCareerNetworkPivot";"CareerNetPivot";"Soft pivot"
"Stevens Kastrup Rehen";"Pre-Outbreak";"Most Common Journal Area";"TopField";"NEUROSCIENCES & NEUROLOGY"
"Stevens Kastrup Rehen";"Pre-Outbreak";"Total Citations";"Citations";"2260"
"Stevens Kastrup Rehen";"Pre-Outbreak";"Citations per Paper";"CitationRate";"31.39"
"Stevens Kastrup Rehen";"Pre-Outbreak";"Number of Authors per Paper";"AvgAuthorNumber";"6.49"
"Stevens Kastrup Rehen";"Pre-Outbreak";"Number of non-INTL Authors per Paper";"AvgAuthorNumberNonINTL";"3.23684210526316"
"Stevens Kastrup Rehen";"Pre-Outbreak";"Number of INTL Authors per Paper";"AvgAuthorNumberINTL";"0.315789473684211"
"Stevens Kastrup Rehen";"Pre-Outbreak";"Total Papers";"Papers";"38"
"Stevens Kastrup Rehen";"Pre-Outbreak";"Papers with International Affiliations";"PapersINTL";"6"
"Stevens Kastrup Rehen";"Pre-Outbreak";"Percentage of Papers with International Affiliations";"PercPapersINTL";"0.16"
"Stevens Kastrup Rehen";"Pre-Outbreak";"Academic Age - Years Since the First Paper Record";"Academic Age";"29"
"Stevens Kastrup Rehen";"Pre-Outbreak";"Percentage of Zika-related papers";"PercZika";"0"
"Stevens Kastrup Rehen";"Pre-Outbreak";"Number of highly-cited Zika papers";"HighlyCited";"0"
"Stevens Kastrup Rehen";"Post-Outbreak";"Most Common Journal Area";"TopField";"SCIENCE & TECHNOLOGY - OTHER TOPICS"
"Stevens Kastrup Rehen";"Post-Outbreak";"Total Citations";"Citations";"1070"
"Stevens Kastrup Rehen";"Post-Outbreak";"Citations per Paper";"CitationRate";"29.72"
"Stevens Kastrup Rehen";"Post-Outbreak";"Number of Authors per Paper";"AvgAuthorNumber";"12.56"
"Stevens Kastrup Rehen";"Post-Outbreak";"Number of non-INTL Authors per Paper";"AvgAuthorNumberNonINTL";"5.8"
"Stevens Kastrup Rehen";"Post-Outbreak";"Number of INTL Authors per Paper";"AvgAuthorNumberINTL";"0.628571428571429"
"Stevens Kastrup Rehen";"Post-Outbreak";"Total Papers";"Papers";"35"
"Stevens Kastrup Rehen";"Post-Outbreak";"Papers with International Affiliations";"PapersINTL";"10"
"Stevens Kastrup Rehen";"Post-Outbreak";"Percentage of Papers with International Affiliations";"PercPapersINTL";"0.29"
"Stevens Kastrup Rehen";"Post-Outbreak";"Academic Age - Years Since the First Paper Record";"Academic Age";"5"
"Stevens Kastrup Rehen";"Post-Outbreak";"Percentage of Zika-related papers";"PercZika";"0.25"
"Stevens Kastrup Rehen";"Post-Outbreak";"Number of highly-cited Zika papers";"HighlyCited";"5"
"Stevens Kastrup Rehen";"Zika";"Most Common Journal Area";"TopField";"SCIENCE & TECHNOLOGY - OTHER TOPICS"
"Stevens Kastrup Rehen";"Zika";"Frequency of MeSH Category - Vector & Transmission";"MeSHCat - Frequency of MeSH Category - Vector & Transmission";"0"
"Stevens Kastrup Rehen";"Zika";"Frequency of MeSH Category - Epidemiology, Outbreaks & Surveillance";"MeSHCat - Frequency of MeSH Category - Epidemiology, Outbreaks & Surveillance";"1"
"Stevens Kastrup Rehen";"Zika";"Frequency of MeSH Category - Microcephaly, Fetal infections & Pregnancy Complications";"MeSHCat - Frequency of MeSH Category - Microcephaly, Fetal infections & Pregnancy Complications";"3"
"Stevens Kastrup Rehen";"Zika";"Frequency of MeSH Category - Virus Characterization";"MeSHCat - Frequency of MeSH Category - Virus Characterization";"2"
"Stevens Kastrup Rehen";"Zika";"Frequency of MeSH Category - Related Diseases";"MeSHCat - Frequency of MeSH Category - Related Diseases";"1"
"Stevens Kastrup Rehen";"Zika";"Frequency of MeSH Category - Treatments, Vaccines & Diagnostic Tests";"MeSHCat - Frequency of MeSH Category - Treatments, Vaccines & Diagnostic Tests";"3"
"Stevens Kastrup Rehen";"Zika";"Frequency of MeSH Category - Clinical manifestations";"MeSHCat - Frequency of MeSH Category - Clinical manifestations";"0"
"Stevens Kastrup Rehen";"Zika";"Citations from papers in MeSH Category - Vector & Transmission";"MeSHCatCites - Vector & Transmission";"0"
"Stevens Kastrup Rehen";"Zika";"Citations from papers in MeSH Category - Epidemiology, Outbreaks & Surveillance";"MeSHCatCites - Epidemiology, Outbreaks & Surveillance";"2"
"Stevens Kastrup Rehen";"Zika";"Citations from papers in MeSH Category - Microcephaly, Fetal infections & Pregnancy Complications";"MeSHCatCites - Microcephaly, Fetal infections & Pregnancy Complications";"626"
"Stevens Kastrup Rehen";"Zika";"Citations from papers in MeSH Category - Virus Characterization";"MeSHCatCites - Virus Characterization";"106"
"Stevens Kastrup Rehen";"Zika";"Citations from papers in MeSH Category - Related Diseases";"MeSHCatCites - Related Diseases";"16"
"Stevens Kastrup Rehen";"Zika";"Citations from papers in MeSH Category - Treatments, Vaccines & Diagnostic Tests";"MeSHCatCites - Treatments, Vaccines & Diagnostic Tests";"160"
"Stevens Kastrup Rehen";"Zika";"Citations from papers in MeSH Category - Clinical manifestations";"MeSHCatCites - Clinical manifestations";"0"
"Stevens Kastrup Rehen";"Zika";"Total Citations";"Citations";"917"
"Stevens Kastrup Rehen";"Zika";"Citations per Paper";"CitationRate";"101.89"
"Stevens Kastrup Rehen";"Zika";"Number of Authors per Paper";"AvgAuthorNumber";"21.67"
"Stevens Kastrup Rehen";"Zika";"Number of non-INTL Authors per Paper";"AvgAuthorNumberNonINTL";"8.875"
"Stevens Kastrup Rehen";"Zika";"Number of INTL Authors per Paper";"AvgAuthorNumberINTL";"0.5"
"Stevens Kastrup Rehen";"Zika";"Total Papers";"Papers";"8"
"Stevens Kastrup Rehen";"Zika";"Papers with International Affiliations";"PapersINTL";"3"
"Stevens Kastrup Rehen";"Zika";"Percentage of Papers with International Affiliations";"PercPapersINTL";"0.38"
"Stevens Kastrup Rehen";"Zika";"Academic Age - Years Since the First Paper Record";"Academic Age";"5"
"Stevens Kastrup Rehen";"Zika";"Percentage of Zika-related papers";"PercZika";"1"
"Stevens Kastrup Rehen";"Zika";"Number of highly-cited Zika papers";"HighlyCited";"5"
"Stevens Kastrup Rehen";"All";"Author affiliations";"Affiliation";"DOR INST RES;UFRJ;UNIRIO"
"Stevens Kastrup Rehen";"All";"Authos afilliation states";"State";"RJ"
"Stevens Kastrup Rehen";"All";"Author affiliation regions";"Region";"SE"
"Stevens Kastrup Rehen";"All";"CognitiveCareerNetworkCoupling";"CareerNetCoupling";"Coupled to both"
"Stevens Kastrup Rehen";"All";"CognitiveCareerNetworkPivot";"CareerNetPivot";"Soft pivot"
"Amilcar Tanuri";"Pre-Outbreak";"Most Common Journal Area";"TopField";"INFECTIOUS DISEASES"
"Amilcar Tanuri";"Pre-Outbreak";"Total Citations";"Citations";"3922"
"Amilcar Tanuri";"Pre-Outbreak";"Citations per Paper";"CitationRate";"24.51"
"Amilcar Tanuri";"Pre-Outbreak";"Number of Authors per Paper";"AvgAuthorNumber";"11.24"
"Amilcar Tanuri";"Pre-Outbreak";"Number of non-INTL Authors per Paper";"AvgAuthorNumberNonINTL";"2.68115942028985"
"Amilcar Tanuri";"Pre-Outbreak";"Number of INTL Authors per Paper";"AvgAuthorNumberINTL";"2.34782608695652"
"Amilcar Tanuri";"Pre-Outbreak";"Total Papers";"Papers";"69"
"Amilcar Tanuri";"Pre-Outbreak";"Papers with International Affiliations";"PapersINTL";"33"
"Amilcar Tanuri";"Pre-Outbreak";"Percentage of Papers with International Affiliations";"PercPapersINTL";"0.48"
"Amilcar Tanuri";"Pre-Outbreak";"Academic Age - Years Since the First Paper Record";"Academic Age";"26"
"Amilcar Tanuri";"Pre-Outbreak";"Percentage of Zika-related papers";"PercZika";"0"
"Amilcar Tanuri";"Pre-Outbreak";"Number of highly-cited Zika papers";"HighlyCited";"0"
"Amilcar Tanuri";"Post-Outbreak";"Most Common Journal Area";"TopField";"INFECTIOUS DISEASES"
"Amilcar Tanuri";"Post-Outbreak";"Total Citations";"Citations";"1806"
"Amilcar Tanuri";"Post-Outbreak";"Citations per Paper";"CitationRate";"23.45"
"Amilcar Tanuri";"Post-Outbreak";"Number of Authors per Paper";"AvgAuthorNumber";"16.79"
"Amilcar Tanuri";"Post-Outbreak";"Number of non-INTL Authors per Paper";"AvgAuthorNumberNonINTL";"5.97333333333333"
"Amilcar Tanuri";"Post-Outbreak";"Number of INTL Authors per Paper";"AvgAuthorNumberINTL";"3.16"
"Amilcar Tanuri";"Post-Outbreak";"Total Papers";"Papers";"75"
"Amilcar Tanuri";"Post-Outbreak";"Papers with International Affiliations";"PapersINTL";"32"
"Amilcar Tanuri";"Post-Outbreak";"Percentage of Papers with International Affiliations";"PercPapersINTL";"0.43"
"Amilcar Tanuri";"Post-Outbreak";"Academic Age - Years Since the First Paper Record";"Academic Age";"5"
"Amilcar Tanuri";"Post-Outbreak";"Percentage of Zika-related papers";"PercZika";"0.4"
"Amilcar Tanuri";"Post-Outbreak";"Number of highly-cited Zika papers";"HighlyCited";"7"
"Amilcar Tanuri";"Zika";"Most Common Journal Area";"TopField";"SCIENCE & TECHNOLOGY - OTHER TOPICS"
"Amilcar Tanuri";"Zika";"Frequency of MeSH Category - Vector & Transmission";"MeSHCat - Frequency of MeSH Category - Vector & Transmission";"2"
"Amilcar Tanuri";"Zika";"Frequency of MeSH Category - Epidemiology, Outbreaks & Surveillance";"MeSHCat - Frequency of MeSH Category - Epidemiology, Outbreaks & Surveillance";"6"
"Amilcar Tanuri";"Zika";"Frequency of MeSH Category - Microcephaly, Fetal infections & Pregnancy Complications";"MeSHCat - Frequency of MeSH Category - Microcephaly, Fetal infections & Pregnancy Complications";"14"
"Amilcar Tanuri";"Zika";"Frequency of MeSH Category - Virus Characterization";"MeSHCat - Frequency of MeSH Category - Virus Characterization";"5"
"Amilcar Tanuri";"Zika";"Frequency of MeSH Category - Related Diseases";"MeSHCat - Frequency of MeSH Category - Related Diseases";"5"
"Amilcar Tanuri";"Zika";"Frequency of MeSH Category - Treatments, Vaccines & Diagnostic Tests";"MeSHCat - Frequency of MeSH Category - Treatments, Vaccines & Diagnostic Tests";"4"
"Amilcar Tanuri";"Zika";"Frequency of MeSH Category - Clinical manifestations";"MeSHCat - Frequency of MeSH Category - Clinical manifestations";"0"
"Amilcar Tanuri";"Zika";"Citations from papers in MeSH Category - Vector & Transmission";"MeSHCatCites - Vector & Transmission";"23"
"Amilcar Tanuri";"Zika";"Citations from papers in MeSH Category - Epidemiology, Outbreaks & Surveillance";"MeSHCatCites - Epidemiology, Outbreaks & Surveillance";"49"
"Amilcar Tanuri";"Zika";"Citations from papers in MeSH Category - Microcephaly, Fetal infections & Pregnancy Complications";"MeSHCatCites - Microcephaly, Fetal infections & Pregnancy Complications";"1028"
"Amilcar Tanuri";"Zika";"Citations from papers in MeSH Category - Virus Characterization";"MeSHCatCites - Virus Characterization";"221"
"Amilcar Tanuri";"Zika";"Citations from papers in MeSH Category - Related Diseases";"MeSHCatCites - Related Diseases";"66"
"Amilcar Tanuri";"Zika";"Citations from papers in MeSH Category - Treatments, Vaccines & Diagnostic Tests";"MeSHCatCites - Treatments, Vaccines & Diagnostic Tests";"119"
"Amilcar Tanuri";"Zika";"Citations from papers in MeSH Category - Clinical manifestations";"MeSHCatCites - Clinical manifestations";"0"
"Amilcar Tanuri";"Zika";"Total Citations";"Citations";"1363"
"Amilcar Tanuri";"Zika";"Citations per Paper";"CitationRate";"43.97"
"Amilcar Tanuri";"Zika";"Number of Authors per Paper";"AvgAuthorNumber";"16.81"
"Amilcar Tanuri";"Zika";"Number of non-INTL Authors per Paper";"AvgAuthorNumberNonINTL";"6.2258064516129"
"Amilcar Tanuri";"Zika";"Number of INTL Authors per Paper";"AvgAuthorNumberINTL";"1.29032258064516"
"Amilcar Tanuri";"Zika";"Total Papers";"Papers";"31"
"Amilcar Tanuri";"Zika";"Papers with International Affiliations";"PapersINTL";"14"
"Amilcar Tanuri";"Zika";"Percentage of Papers with International Affiliations";"PercPapersINTL";"0.45"
"Amilcar Tanuri";"Zika";"Academic Age - Years Since the First Paper Record";"Academic Age";"5"
"Amilcar Tanuri";"Zika";"Percentage of Zika-related papers";"PercZika";"1"
"Amilcar Tanuri";"Zika";"Number of highly-cited Zika papers";"HighlyCited";"7"
"Amilcar Tanuri";"All";"Author affiliations";"Affiliation";"FIOCRUZ;UFRJ;UNIRIO;-"
"Amilcar Tanuri";"All";"Authos afilliation states";"State";"RJ;-"
"Amilcar Tanuri";"All";"Author affiliation regions";"Region";"SE"
"Amilcar Tanuri";"All";"CognitiveCareerNetworkCoupling";"CareerNetCoupling";"Coupled to both"
"Amilcar Tanuri";"All";"CognitiveCareerNetworkPivot";"CareerNetPivot";"Soft pivot"
"Marzia Puccioni Sohler";"Pre-Outbreak";"Most Common Journal Area";"TopField";"NEUROSCIENCES & NEUROLOGY"
"Marzia Puccioni Sohler";"Pre-Outbreak";"Total Citations";"Citations";"444"
"Marzia Puccioni Sohler";"Pre-Outbreak";"Citations per Paper";"CitationRate";"15.31"
"Marzia Puccioni Sohler";"Pre-Outbreak";"Number of Authors per Paper";"AvgAuthorNumber";"5.38"
"Marzia Puccioni Sohler";"Pre-Outbreak";"Number of non-INTL Authors per Paper";"AvgAuthorNumberNonINTL";"2.52173913043478"
"Marzia Puccioni Sohler";"Pre-Outbreak";"Number of INTL Authors per Paper";"AvgAuthorNumberINTL";"0.260869565217391"
"Marzia Puccioni Sohler";"Pre-Outbreak";"Total Papers";"Papers";"23"
"Marzia Puccioni Sohler";"Pre-Outbreak";"Papers with International Affiliations";"PapersINTL";"4"
"Marzia Puccioni Sohler";"Pre-Outbreak";"Percentage of Papers with International Affiliations";"PercPapersINTL";"0.17"
"Marzia Puccioni Sohler";"Pre-Outbreak";"Academic Age - Years Since the First Paper Record";"Academic Age";"15"
"Marzia Puccioni Sohler";"Pre-Outbreak";"Percentage of Zika-related papers";"PercZika";"0"
"Marzia Puccioni Sohler";"Pre-Outbreak";"Number of highly-cited Zika papers";"HighlyCited";"0"
"Marzia Puccioni Sohler";"Post-Outbreak";"Most Common Journal Area";"TopField";"INFECTIOUS DISEASES"
"Marzia Puccioni Sohler";"Post-Outbreak";"Total Citations";"Citations";"49"
"Marzia Puccioni Sohler";"Post-Outbreak";"Citations per Paper";"CitationRate";"2.72"
"Marzia Puccioni Sohler";"Post-Outbreak";"Number of Authors per Paper";"AvgAuthorNumber";"7.06"
"Marzia Puccioni Sohler";"Post-Outbreak";"Number of non-INTL Authors per Paper";"AvgAuthorNumberNonINTL";"4.22222222222222"
"Marzia Puccioni Sohler";"Post-Outbreak";"Number of INTL Authors per Paper";"AvgAuthorNumberINTL";"1.5"
"Marzia Puccioni Sohler";"Post-Outbreak";"Total Papers";"Papers";"18"
"Marzia Puccioni Sohler";"Post-Outbreak";"Papers with International Affiliations";"PapersINTL";"5"
"Marzia Puccioni Sohler";"Post-Outbreak";"Percentage of Papers with International Affiliations";"PercPapersINTL";"0.28"
"Marzia Puccioni Sohler";"Post-Outbreak";"Academic Age - Years Since the First Paper Record";"Academic Age";"5"
"Marzia Puccioni Sohler";"Post-Outbreak";"Percentage of Zika-related papers";"PercZika";"0.17"
"Marzia Puccioni Sohler";"Post-Outbreak";"Number of highly-cited Zika papers";"HighlyCited";"0"
"Marzia Puccioni Sohler";"Zika";"Most Common Journal Area";"TopField";"BIOCHEMISTRY & MOLECULAR BIOLOGY"
"Marzia Puccioni Sohler";"Zika";"Frequency of MeSH Category - Vector & Transmission";"MeSHCat - Frequency of MeSH Category - Vector & Transmission";"1"
"Marzia Puccioni Sohler";"Zika";"Frequency of MeSH Category - Epidemiology, Outbreaks & Surveillance";"MeSHCat - Frequency of MeSH Category - Epidemiology, Outbreaks & Surveillance";"0"
"Marzia Puccioni Sohler";"Zika";"Frequency of MeSH Category - Microcephaly, Fetal infections & Pregnancy Complications";"MeSHCat - Frequency of MeSH Category - Microcephaly, Fetal infections & Pregnancy Complications";"0"
"Marzia Puccioni Sohler";"Zika";"Frequency of MeSH Category - Virus Characterization";"MeSHCat - Frequency of MeSH Category - Virus Characterization";"0"
"Marzia Puccioni Sohler";"Zika";"Frequency of MeSH Category - Related Diseases";"MeSHCat - Frequency of MeSH Category - Related Diseases";"3"
"Marzia Puccioni Sohler";"Zika";"Frequency of MeSH Category - Treatments, Vaccines & Diagnostic Tests";"MeSHCat - Frequency of MeSH Category - Treatments, Vaccines & Diagnostic Tests";"1"
"Marzia Puccioni Sohler";"Zika";"Frequency of MeSH Category - Clinical manifestations";"MeSHCat - Frequency of MeSH Category - Clinical manifestations";"0"
"Marzia Puccioni Sohler";"Zika";"Citations from papers in MeSH Category - Vector & Transmission";"MeSHCatCites - Vector & Transmission";"10"
"Marzia Puccioni Sohler";"Zika";"Citations from papers in MeSH Category - Epidemiology, Outbreaks & Surveillance";"MeSHCatCites - Epidemiology, Outbreaks & Surveillance";"0"
"Marzia Puccioni Sohler";"Zika";"Citations from papers in MeSH Category - Microcephaly, Fetal infections & Pregnancy Complications";"MeSHCatCites - Microcephaly, Fetal infections & Pregnancy Complications";"0"
"Marzia Puccioni Sohler";"Zika";"Citations from papers in MeSH Category - Virus Characterization";"MeSHCatCites - Virus Characterization";"0"
"Marzia Puccioni Sohler";"Zika";"Citations from papers in MeSH Category - Related Diseases";"MeSHCatCites - Related Diseases";"20"
"Marzia Puccioni Sohler";"Zika";"Citations from papers in MeSH Category - Treatments, Vaccines & Diagnostic Tests";"MeSHCatCites - Treatments, Vaccines & Diagnostic Tests";"7"
"Marzia Puccioni Sohler";"Zika";"Citations from papers in MeSH Category - Clinical manifestations";"MeSHCatCites - Clinical manifestations";"0"
"Marzia Puccioni Sohler";"Zika";"Total Citations";"Citations";"20"
"Marzia Puccioni Sohler";"Zika";"Citations per Paper";"CitationRate";"6.67"
"Marzia Puccioni Sohler";"Zika";"Number of Authors per Paper";"AvgAuthorNumber";"7.33"
"Marzia Puccioni Sohler";"Zika";"Number of non-INTL Authors per Paper";"AvgAuthorNumberNonINTL";"6.33333333333333"
"Marzia Puccioni Sohler";"Zika";"Number of INTL Authors per Paper";"AvgAuthorNumberINTL";"0"
"Marzia Puccioni Sohler";"Zika";"Total Papers";"Papers";"3"
"Marzia Puccioni Sohler";"Zika";"Papers with International Affiliations";"PapersINTL";"0"
"Marzia Puccioni Sohler";"Zika";"Percentage of Papers with International Affiliations";"PercPapersINTL";"0"
"Marzia Puccioni Sohler";"Zika";"Academic Age - Years Since the First Paper Record";"Academic Age";"5"
"Marzia Puccioni Sohler";"Zika";"Percentage of Zika-related papers";"PercZika";"1"
"Marzia Puccioni Sohler";"Zika";"Number of highly-cited Zika papers";"HighlyCited";"0"
"Marzia Puccioni Sohler";"All";"Author affiliations";"Affiliation";"UERJ;UFRJ;UNIRIO"
"Marzia Puccioni Sohler";"All";"Authos afilliation states";"State";"RJ"
"Marzia Puccioni Sohler";"All";"Author affiliation regions";"Region";"SE"
"Marzia Puccioni Sohler";"All";"CognitiveCareerNetworkCoupling";"CareerNetCoupling";"Coupled to both"
"Marzia Puccioni Sohler";"All";"CognitiveCareerNetworkPivot";"CareerNetPivot";"Soft pivot"
"Jose Garcia Ribeiro Abreu Junior";"ERROR";"No records: ZIKA = 0, PRE = 38, POST = 16";NA;NA
"Richard Ian Samuels";"Pre-Outbreak";"Most Common Journal Area";"TopField";"ENTOMOLOGY"
"Richard Ian Samuels";"Pre-Outbreak";"Total Citations";"Citations";"1212"
"Richard Ian Samuels";"Pre-Outbreak";"Citations per Paper";"CitationRate";"20.2"
"Richard Ian Samuels";"Pre-Outbreak";"Number of Authors per Paper";"AvgAuthorNumber";"4.67"
"Richard Ian Samuels";"Pre-Outbreak";"Number of non-INTL Authors per Paper";"AvgAuthorNumberNonINTL";"2.92857142857143"
"Richard Ian Samuels";"Pre-Outbreak";"Number of INTL Authors per Paper";"AvgAuthorNumberINTL";"0.321428571428571"
"Richard Ian Samuels";"Pre-Outbreak";"Total Papers";"Papers";"28"
"Richard Ian Samuels";"Pre-Outbreak";"Papers with International Affiliations";"PapersINTL";"7"
"Richard Ian Samuels";"Pre-Outbreak";"Percentage of Papers with International Affiliations";"PercPapersINTL";"0.25"
"Richard Ian Samuels";"Pre-Outbreak";"Academic Age - Years Since the First Paper Record";"Academic Age";"38"
"Richard Ian Samuels";"Pre-Outbreak";"Percentage of Zika-related papers";"PercZika";"0"
"Richard Ian Samuels";"Pre-Outbreak";"Number of highly-cited Zika papers";"HighlyCited";"0"
"Richard Ian Samuels";"Post-Outbreak";"Most Common Journal Area";"TopField";"NEUROSCIENCES & NEUROLOGY"
"Richard Ian Samuels";"Post-Outbreak";"Total Citations";"Citations";"129"
"Richard Ian Samuels";"Post-Outbreak";"Citations per Paper";"CitationRate";"6.14"
"Richard Ian Samuels";"Post-Outbreak";"Number of Authors per Paper";"AvgAuthorNumber";"6.57"
"Richard Ian Samuels";"Post-Outbreak";"Number of non-INTL Authors per Paper";"AvgAuthorNumberNonINTL";"3.3"
"Richard Ian Samuels";"Post-Outbreak";"Number of INTL Authors per Paper";"AvgAuthorNumberINTL";"0.6"
"Richard Ian Samuels";"Post-Outbreak";"Total Papers";"Papers";"20"
"Richard Ian Samuels";"Post-Outbreak";"Papers with International Affiliations";"PapersINTL";"11"
"Richard Ian Samuels";"Post-Outbreak";"Percentage of Papers with International Affiliations";"PercPapersINTL";"0.55"
"Richard Ian Samuels";"Post-Outbreak";"Academic Age - Years Since the First Paper Record";"Academic Age";"5"
"Richard Ian Samuels";"Post-Outbreak";"Percentage of Zika-related papers";"PercZika";"0.24"
"Richard Ian Samuels";"Post-Outbreak";"Number of highly-cited Zika papers";"HighlyCited";"0"
"Richard Ian Samuels";"Zika";"Most Common Journal Area";"TopField";"ENTOMOLOGY"
"Richard Ian Samuels";"Zika";"Frequency of MeSH Category - Vector & Transmission";"MeSHCat - Frequency of MeSH Category - Vector & Transmission";"2"
"Richard Ian Samuels";"Zika";"Frequency of MeSH Category - Epidemiology, Outbreaks & Surveillance";"MeSHCat - Frequency of MeSH Category - Epidemiology, Outbreaks & Surveillance";"0"
"Richard Ian Samuels";"Zika";"Frequency of MeSH Category - Microcephaly, Fetal infections & Pregnancy Complications";"MeSHCat - Frequency of MeSH Category - Microcephaly, Fetal infections & Pregnancy Complications";"0"
"Richard Ian Samuels";"Zika";"Frequency of MeSH Category - Virus Characterization";"MeSHCat - Frequency of MeSH Category - Virus Characterization";"0"
"Richard Ian Samuels";"Zika";"Frequency of MeSH Category - Related Diseases";"MeSHCat - Frequency of MeSH Category - Related Diseases";"0"
"Richard Ian Samuels";"Zika";"Frequency of MeSH Category - Treatments, Vaccines & Diagnostic Tests";"MeSHCat - Frequency of MeSH Category - Treatments, Vaccines & Diagnostic Tests";"0"
"Richard Ian Samuels";"Zika";"Frequency of MeSH Category - Clinical manifestations";"MeSHCat - Frequency of MeSH Category - Clinical manifestations";"0"
"Richard Ian Samuels";"Zika";"Citations from papers in MeSH Category - Vector & Transmission";"MeSHCatCites - Vector & Transmission";"30"
"Richard Ian Samuels";"Zika";"Citations from papers in MeSH Category - Epidemiology, Outbreaks & Surveillance";"MeSHCatCites - Epidemiology, Outbreaks & Surveillance";"0"
"Richard Ian Samuels";"Zika";"Citations from papers in MeSH Category - Microcephaly, Fetal infections & Pregnancy Complications";"MeSHCatCites - Microcephaly, Fetal infections & Pregnancy Complications";"0"
"Richard Ian Samuels";"Zika";"Citations from papers in MeSH Category - Virus Characterization";"MeSHCatCites - Virus Characterization";"0"
"Richard Ian Samuels";"Zika";"Citations from papers in MeSH Category - Related Diseases";"MeSHCatCites - Related Diseases";"0"
"Richard Ian Samuels";"Zika";"Citations from papers in MeSH Category - Treatments, Vaccines & Diagnostic Tests";"MeSHCatCites - Treatments, Vaccines & Diagnostic Tests";"0"
"Richard Ian Samuels";"Zika";"Citations from papers in MeSH Category - Clinical manifestations";"MeSHCatCites - Clinical manifestations";"0"
"Richard Ian Samuels";"Zika";"Total Citations";"Citations";"35"
"Richard Ian Samuels";"Zika";"Citations per Paper";"CitationRate";"7"
"Richard Ian Samuels";"Zika";"Number of Authors per Paper";"AvgAuthorNumber";"6.4"
"Richard Ian Samuels";"Zika";"Number of non-INTL Authors per Paper";"AvgAuthorNumberNonINTL";"3"
"Richard Ian Samuels";"Zika";"Number of INTL Authors per Paper";"AvgAuthorNumberINTL";"0.8"
"Richard Ian Samuels";"Zika";"Total Papers";"Papers";"5"
"Richard Ian Samuels";"Zika";"Papers with International Affiliations";"PapersINTL";"3"
"Richard Ian Samuels";"Zika";"Percentage of Papers with International Affiliations";"PercPapersINTL";"0.6"
"Richard Ian Samuels";"Zika";"Academic Age - Years Since the First Paper Record";"Academic Age";"5"
"Richard Ian Samuels";"Zika";"Percentage of Zika-related papers";"PercZika";"1"
"Richard Ian Samuels";"Zika";"Number of highly-cited Zika papers";"HighlyCited";"0"
"Richard Ian Samuels";"All";"Author affiliations";"Affiliation";"UENF"
"Richard Ian Samuels";"All";"Authos afilliation states";"State";"RJ"
"Richard Ian Samuels";"All";"Author affiliation regions";"Region";"SE"
"Richard Ian Samuels";"All";"CognitiveCareerNetworkCoupling";"CareerNetCoupling";"Coupled to both"
"Richard Ian Samuels";"All";"CognitiveCareerNetworkPivot";"CareerNetPivot";"Soft pivot"
"Ricardo Lourenço de Oliveira";"Pre-Outbreak";"Most Common Journal Area";"TopField";"TROPICAL MEDICINE"
"Ricardo Lourenço de Oliveira";"Pre-Outbreak";"Total Citations";"Citations";"1501"
"Ricardo Lourenço de Oliveira";"Pre-Outbreak";"Citations per Paper";"CitationRate";"32.63"
"Ricardo Lourenço de Oliveira";"Pre-Outbreak";"Number of Authors per Paper";"AvgAuthorNumber";"5.89"
"Ricardo Lourenço de Oliveira";"Pre-Outbreak";"Number of non-INTL Authors per Paper";"AvgAuthorNumberNonINTL";"3.59375"
"Ricardo Lourenço de Oliveira";"Pre-Outbreak";"Number of INTL Authors per Paper";"AvgAuthorNumberINTL";"1.9375"
"Ricardo Lourenço de Oliveira";"Pre-Outbreak";"Total Papers";"Papers";"32"
"Ricardo Lourenço de Oliveira";"Pre-Outbreak";"Papers with International Affiliations";"PapersINTL";"10"
"Ricardo Lourenço de Oliveira";"Pre-Outbreak";"Percentage of Papers with International Affiliations";"PercPapersINTL";"0.31"
"Ricardo Lourenço de Oliveira";"Pre-Outbreak";"Academic Age - Years Since the First Paper Record";"Academic Age";"15"
"Ricardo Lourenço de Oliveira";"Pre-Outbreak";"Percentage of Zika-related papers";"PercZika";"0"
"Ricardo Lourenço de Oliveira";"Pre-Outbreak";"Number of highly-cited Zika papers";"HighlyCited";"0"
"Ricardo Lourenço de Oliveira";"Post-Outbreak";"Most Common Journal Area";"TopField";"TROPICAL MEDICINE"
"Ricardo Lourenço de Oliveira";"Post-Outbreak";"Total Citations";"Citations";"1382"
"Ricardo Lourenço de Oliveira";"Post-Outbreak";"Citations per Paper";"CitationRate";"28.79"
"Ricardo Lourenço de Oliveira";"Post-Outbreak";"Number of Authors per Paper";"AvgAuthorNumber";"11.17"
"Ricardo Lourenço de Oliveira";"Post-Outbreak";"Number of non-INTL Authors per Paper";"AvgAuthorNumberNonINTL";"6.17021276595745"
"Ricardo Lourenço de Oliveira";"Post-Outbreak";"Number of INTL Authors per Paper";"AvgAuthorNumberINTL";"1.38297872340426"
"Ricardo Lourenço de Oliveira";"Post-Outbreak";"Total Papers";"Papers";"47"
"Ricardo Lourenço de Oliveira";"Post-Outbreak";"Papers with International Affiliations";"PapersINTL";"22"
"Ricardo Lourenço de Oliveira";"Post-Outbreak";"Percentage of Papers with International Affiliations";"PercPapersINTL";"0.47"
"Ricardo Lourenço de Oliveira";"Post-Outbreak";"Academic Age - Years Since the First Paper Record";"Academic Age";"5"
"Ricardo Lourenço de Oliveira";"Post-Outbreak";"Percentage of Zika-related papers";"PercZika";"0.38"
"Ricardo Lourenço de Oliveira";"Post-Outbreak";"Number of highly-cited Zika papers";"HighlyCited";"5"
"Ricardo Lourenço de Oliveira";"Zika";"Most Common Journal Area";"TopField";"PARASITOLOGY"
"Ricardo Lourenço de Oliveira";"Zika";"Frequency of MeSH Category - Vector & Transmission";"MeSHCat - Frequency of MeSH Category - Vector & Transmission";"14"
"Ricardo Lourenço de Oliveira";"Zika";"Frequency of MeSH Category - Epidemiology, Outbreaks & Surveillance";"MeSHCat - Frequency of MeSH Category - Epidemiology, Outbreaks & Surveillance";"7"
"Ricardo Lourenço de Oliveira";"Zika";"Frequency of MeSH Category - Microcephaly, Fetal infections & Pregnancy Complications";"MeSHCat - Frequency of MeSH Category - Microcephaly, Fetal infections & Pregnancy Complications";"2"
"Ricardo Lourenço de Oliveira";"Zika";"Frequency of MeSH Category - Virus Characterization";"MeSHCat - Frequency of MeSH Category - Virus Characterization";"8"
"Ricardo Lourenço de Oliveira";"Zika";"Frequency of MeSH Category - Related Diseases";"MeSHCat - Frequency of MeSH Category - Related Diseases";"4"
"Ricardo Lourenço de Oliveira";"Zika";"Frequency of MeSH Category - Treatments, Vaccines & Diagnostic Tests";"MeSHCat - Frequency of MeSH Category - Treatments, Vaccines & Diagnostic Tests";"0"
"Ricardo Lourenço de Oliveira";"Zika";"Frequency of MeSH Category - Clinical manifestations";"MeSHCat - Frequency of MeSH Category - Clinical manifestations";"0"
"Ricardo Lourenço de Oliveira";"Zika";"Citations from papers in MeSH Category - Vector & Transmission";"MeSHCatCites - Vector & Transmission";"678"
"Ricardo Lourenço de Oliveira";"Zika";"Citations from papers in MeSH Category - Epidemiology, Outbreaks & Surveillance";"MeSHCatCites - Epidemiology, Outbreaks & Surveillance";"225"
"Ricardo Lourenço de Oliveira";"Zika";"Citations from papers in MeSH Category - Microcephaly, Fetal infections & Pregnancy Complications";"MeSHCatCites - Microcephaly, Fetal infections & Pregnancy Complications";"38"
"Ricardo Lourenço de Oliveira";"Zika";"Citations from papers in MeSH Category - Virus Characterization";"MeSHCatCites - Virus Characterization";"831"
"Ricardo Lourenço de Oliveira";"Zika";"Citations from papers in MeSH Category - Related Diseases";"MeSHCatCites - Related Diseases";"45"
"Ricardo Lourenço de Oliveira";"Zika";"Citations from papers in MeSH Category - Treatments, Vaccines & Diagnostic Tests";"MeSHCatCites - Treatments, Vaccines & Diagnostic Tests";"0"
"Ricardo Lourenço de Oliveira";"Zika";"Citations from papers in MeSH Category - Clinical manifestations";"MeSHCatCites - Clinical manifestations";"0"
"Ricardo Lourenço de Oliveira";"Zika";"Total Citations";"Citations";"982"
"Ricardo Lourenço de Oliveira";"Zika";"Citations per Paper";"CitationRate";"54.56"
"Ricardo Lourenço de Oliveira";"Zika";"Number of Authors per Paper";"AvgAuthorNumber";"12.39"
"Ricardo Lourenço de Oliveira";"Zika";"Number of non-INTL Authors per Paper";"AvgAuthorNumberNonINTL";"5.94444444444444"
"Ricardo Lourenço de Oliveira";"Zika";"Number of INTL Authors per Paper";"AvgAuthorNumberINTL";"1.94444444444444"
"Ricardo Lourenço de Oliveira";"Zika";"Total Papers";"Papers";"18"
"Ricardo Lourenço de Oliveira";"Zika";"Papers with International Affiliations";"PapersINTL";"10"
"Ricardo Lourenço de Oliveira";"Zika";"Percentage of Papers with International Affiliations";"PercPapersINTL";"0.56"
"Ricardo Lourenço de Oliveira";"Zika";"Academic Age - Years Since the First Paper Record";"Academic Age";"5"
"Ricardo Lourenço de Oliveira";"Zika";"Percentage of Zika-related papers";"PercZika";"1"
"Ricardo Lourenço de Oliveira";"Zika";"Number of highly-cited Zika papers";"HighlyCited";"5"
"Ricardo Lourenço de Oliveira";"All";"Author affiliations";"Affiliation";"BRAZIL MINISTERIO SAUDE;CNPQ;FIOCRUZ;FIOCRUZ MS;FIOCRUZ RJ;-"
"Ricardo Lourenço de Oliveira";"All";"Authos afilliation states";"State";"RJ;-;MS"
"Ricardo Lourenço de Oliveira";"All";"Author affiliation regions";"Region";"SE;CO"
"Ricardo Lourenço de Oliveira";"All";"CognitiveCareerNetworkCoupling";"CareerNetCoupling";"Coupled to both"
"Ricardo Lourenço de Oliveira";"All";"CognitiveCareerNetworkPivot";"CareerNetPivot";"Soft pivot"
"Andrea Thompson da Poian";"Pre-Outbreak";"Most Common Journal Area";"TopField";"BIOCHEMISTRY & MOLECULAR BIOLOGY"
"Andrea Thompson da Poian";"Pre-Outbreak";"Total Citations";"Citations";"2502"
"Andrea Thompson da Poian";"Pre-Outbreak";"Citations per Paper";"CitationRate";"28.43"
"Andrea Thompson da Poian";"Pre-Outbreak";"Number of Authors per Paper";"AvgAuthorNumber";"6.56"
"Andrea Thompson da Poian";"Pre-Outbreak";"Number of non-INTL Authors per Paper";"AvgAuthorNumberNonINTL";"1.91111111111111"
"Andrea Thompson da Poian";"Pre-Outbreak";"Number of INTL Authors per Paper";"AvgAuthorNumberINTL";"0.888888888888889"
"Andrea Thompson da Poian";"Pre-Outbreak";"Total Papers";"Papers";"45"
"Andrea Thompson da Poian";"Pre-Outbreak";"Papers with International Affiliations";"PapersINTL";"20"
"Andrea Thompson da Poian";"Pre-Outbreak";"Percentage of Papers with International Affiliations";"PercPapersINTL";"0.44"
"Andrea Thompson da Poian";"Pre-Outbreak";"Academic Age - Years Since the First Paper Record";"Academic Age";"29"
"Andrea Thompson da Poian";"Pre-Outbreak";"Percentage of Zika-related papers";"PercZika";"0"
"Andrea Thompson da Poian";"Pre-Outbreak";"Number of highly-cited Zika papers";"HighlyCited";"0"
"Andrea Thompson da Poian";"Post-Outbreak";"Most Common Journal Area";"TopField";"SCIENCE & TECHNOLOGY - OTHER TOPICS"
"Andrea Thompson da Poian";"Post-Outbreak";"Total Citations";"Citations";"229"
"Andrea Thompson da Poian";"Post-Outbreak";"Citations per Paper";"CitationRate";"11.45"
"Andrea Thompson da Poian";"Post-Outbreak";"Number of Authors per Paper";"AvgAuthorNumber";"9.35"
"Andrea Thompson da Poian";"Post-Outbreak";"Number of non-INTL Authors per Paper";"AvgAuthorNumberNonINTL";"2.88235294117647"
"Andrea Thompson da Poian";"Post-Outbreak";"Number of INTL Authors per Paper";"AvgAuthorNumberINTL";"1.29411764705882"
"Andrea Thompson da Poian";"Post-Outbreak";"Total Papers";"Papers";"17"
"Andrea Thompson da Poian";"Post-Outbreak";"Papers with International Affiliations";"PapersINTL";"7"
"Andrea Thompson da Poian";"Post-Outbreak";"Percentage of Papers with International Affiliations";"PercPapersINTL";"0.41"
"Andrea Thompson da Poian";"Post-Outbreak";"Academic Age - Years Since the First Paper Record";"Academic Age";"5"
"Andrea Thompson da Poian";"Post-Outbreak";"Percentage of Zika-related papers";"PercZika";"0.25"
"Andrea Thompson da Poian";"Post-Outbreak";"Number of highly-cited Zika papers";"HighlyCited";"0"
"Andrea Thompson da Poian";"Zika";"Most Common Journal Area";"TopField";"BIOCHEMISTRY & MOLECULAR BIOLOGY"
"Andrea Thompson da Poian";"Zika";"Frequency of MeSH Category - Vector & Transmission";"MeSHCat - Frequency of MeSH Category - Vector & Transmission";"0"
"Andrea Thompson da Poian";"Zika";"Frequency of MeSH Category - Epidemiology, Outbreaks & Surveillance";"MeSHCat - Frequency of MeSH Category - Epidemiology, Outbreaks & Surveillance";"0"
"Andrea Thompson da Poian";"Zika";"Frequency of MeSH Category - Microcephaly, Fetal infections & Pregnancy Complications";"MeSHCat - Frequency of MeSH Category - Microcephaly, Fetal infections & Pregnancy Complications";"0"
"Andrea Thompson da Poian";"Zika";"Frequency of MeSH Category - Virus Characterization";"MeSHCat - Frequency of MeSH Category - Virus Characterization";"2"
"Andrea Thompson da Poian";"Zika";"Frequency of MeSH Category - Related Diseases";"MeSHCat - Frequency of MeSH Category - Related Diseases";"1"
"Andrea Thompson da Poian";"Zika";"Frequency of MeSH Category - Treatments, Vaccines & Diagnostic Tests";"MeSHCat - Frequency of MeSH Category - Treatments, Vaccines & Diagnostic Tests";"1"
"Andrea Thompson da Poian";"Zika";"Frequency of MeSH Category - Clinical manifestations";"MeSHCat - Frequency of MeSH Category - Clinical manifestations";"0"
"Andrea Thompson da Poian";"Zika";"Citations from papers in MeSH Category - Vector & Transmission";"MeSHCatCites - Vector & Transmission";"0"
"Andrea Thompson da Poian";"Zika";"Citations from papers in MeSH Category - Epidemiology, Outbreaks & Surveillance";"MeSHCatCites - Epidemiology, Outbreaks & Surveillance";"0"
"Andrea Thompson da Poian";"Zika";"Citations from papers in MeSH Category - Microcephaly, Fetal infections & Pregnancy Complications";"MeSHCatCites - Microcephaly, Fetal infections & Pregnancy Complications";"0"
"Andrea Thompson da Poian";"Zika";"Citations from papers in MeSH Category - Virus Characterization";"MeSHCatCites - Virus Characterization";"34"
"Andrea Thompson da Poian";"Zika";"Citations from papers in MeSH Category - Related Diseases";"MeSHCatCites - Related Diseases";"12"
"Andrea Thompson da Poian";"Zika";"Citations from papers in MeSH Category - Treatments, Vaccines & Diagnostic Tests";"MeSHCatCites - Treatments, Vaccines & Diagnostic Tests";"12"
"Andrea Thompson da Poian";"Zika";"Citations from papers in MeSH Category - Clinical manifestations";"MeSHCatCites - Clinical manifestations";"0"
"Andrea Thompson da Poian";"Zika";"Total Citations";"Citations";"101"
"Andrea Thompson da Poian";"Zika";"Citations per Paper";"CitationRate";"20.2"
"Andrea Thompson da Poian";"Zika";"Number of Authors per Paper";"AvgAuthorNumber";"14.8"
"Andrea Thompson da Poian";"Zika";"Number of non-INTL Authors per Paper";"AvgAuthorNumberNonINTL";"3.8"
"Andrea Thompson da Poian";"Zika";"Number of INTL Authors per Paper";"AvgAuthorNumberINTL";"0.6"
"Andrea Thompson da Poian";"Zika";"Total Papers";"Papers";"5"
"Andrea Thompson da Poian";"Zika";"Papers with International Affiliations";"PapersINTL";"2"
"Andrea Thompson da Poian";"Zika";"Percentage of Papers with International Affiliations";"PercPapersINTL";"0.4"
"Andrea Thompson da Poian";"Zika";"Academic Age - Years Since the First Paper Record";"Academic Age";"4"
"Andrea Thompson da Poian";"Zika";"Percentage of Zika-related papers";"PercZika";"1"
"Andrea Thompson da Poian";"Zika";"Number of highly-cited Zika papers";"HighlyCited";"0"
"Andrea Thompson da Poian";"All";"Author affiliations";"Affiliation";"UFRJ"
"Andrea Thompson da Poian";"All";"Authos afilliation states";"State";"RJ"
"Andrea Thompson da Poian";"All";"Author affiliation regions";"Region";"SE"
"Andrea Thompson da Poian";"All";"CognitiveCareerNetworkCoupling";"CareerNetCoupling";"Coupled to both"
"Andrea Thompson da Poian";"All";"CognitiveCareerNetworkPivot";"CareerNetPivot";"Soft pivot"
"Izabel Christina Nunes de Palmer Paixão";"Pre-Outbreak";"Most Common Journal Area";"TopField";"PHARMACOLOGY & PHARMACY"
"Izabel Christina Nunes de Palmer Paixão";"Pre-Outbreak";"Total Citations";"Citations";"1418"
"Izabel Christina Nunes de Palmer Paixão";"Pre-Outbreak";"Citations per Paper";"CitationRate";"20.26"
"Izabel Christina Nunes de Palmer Paixão";"Pre-Outbreak";"Number of Authors per Paper";"AvgAuthorNumber";"8"
"Izabel Christina Nunes de Palmer Paixão";"Pre-Outbreak";"Number of non-INTL Authors per Paper";"AvgAuthorNumberNonINTL";"3.58823529411765"
"Izabel Christina Nunes de Palmer Paixão";"Pre-Outbreak";"Number of INTL Authors per Paper";"AvgAuthorNumberINTL";"0.235294117647059"
"Izabel Christina Nunes de Palmer Paixão";"Pre-Outbreak";"Total Papers";"Papers";"34"
"Izabel Christina Nunes de Palmer Paixão";"Pre-Outbreak";"Papers with International Affiliations";"PapersINTL";"3"
"Izabel Christina Nunes de Palmer Paixão";"Pre-Outbreak";"Percentage of Papers with International Affiliations";"PercPapersINTL";"0.09"
"Izabel Christina Nunes de Palmer Paixão";"Pre-Outbreak";"Academic Age - Years Since the First Paper Record";"Academic Age";"41"
"Izabel Christina Nunes de Palmer Paixão";"Pre-Outbreak";"Percentage of Zika-related papers";"PercZika";"0"
"Izabel Christina Nunes de Palmer Paixão";"Pre-Outbreak";"Number of highly-cited Zika papers";"HighlyCited";"0"
"Izabel Christina Nunes de Palmer Paixão";"Post-Outbreak";"Most Common Journal Area";"TopField";"PHARMACOLOGY & PHARMACY"
"Izabel Christina Nunes de Palmer Paixão";"Post-Outbreak";"Total Citations";"Citations";"101"
"Izabel Christina Nunes de Palmer Paixão";"Post-Outbreak";"Citations per Paper";"CitationRate";"4.04"
"Izabel Christina Nunes de Palmer Paixão";"Post-Outbreak";"Number of Authors per Paper";"AvgAuthorNumber";"8.72"
"Izabel Christina Nunes de Palmer Paixão";"Post-Outbreak";"Number of non-INTL Authors per Paper";"AvgAuthorNumberNonINTL";"3.4"
"Izabel Christina Nunes de Palmer Paixão";"Post-Outbreak";"Number of INTL Authors per Paper";"AvgAuthorNumberINTL";"0.96"
"Izabel Christina Nunes de Palmer Paixão";"Post-Outbreak";"Total Papers";"Papers";"25"
"Izabel Christina Nunes de Palmer Paixão";"Post-Outbreak";"Papers with International Affiliations";"PapersINTL";"8"
"Izabel Christina Nunes de Palmer Paixão";"Post-Outbreak";"Percentage of Papers with International Affiliations";"PercPapersINTL";"0.32"
"Izabel Christina Nunes de Palmer Paixão";"Post-Outbreak";"Academic Age - Years Since the First Paper Record";"Academic Age";"5"
"Izabel Christina Nunes de Palmer Paixão";"Post-Outbreak";"Percentage of Zika-related papers";"PercZika";"0.2"
"Izabel Christina Nunes de Palmer Paixão";"Post-Outbreak";"Number of highly-cited Zika papers";"HighlyCited";"0"
"Izabel Christina Nunes de Palmer Paixão";"Zika";"Most Common Journal Area";"TopField";"CHEMISTRY"
"Izabel Christina Nunes de Palmer Paixão";"Zika";"Frequency of MeSH Category - Vector & Transmission";"MeSHCat - Frequency of MeSH Category - Vector & Transmission";"0"
"Izabel Christina Nunes de Palmer Paixão";"Zika";"Frequency of MeSH Category - Epidemiology, Outbreaks & Surveillance";"MeSHCat - Frequency of MeSH Category - Epidemiology, Outbreaks & Surveillance";"0"
"Izabel Christina Nunes de Palmer Paixão";"Zika";"Frequency of MeSH Category - Microcephaly, Fetal infections & Pregnancy Complications";"MeSHCat - Frequency of MeSH Category - Microcephaly, Fetal infections & Pregnancy Complications";"0"
"Izabel Christina Nunes de Palmer Paixão";"Zika";"Frequency of MeSH Category - Virus Characterization";"MeSHCat - Frequency of MeSH Category - Virus Characterization";"0"
"Izabel Christina Nunes de Palmer Paixão";"Zika";"Frequency of MeSH Category - Related Diseases";"MeSHCat - Frequency of MeSH Category - Related Diseases";"2"
"Izabel Christina Nunes de Palmer Paixão";"Zika";"Frequency of MeSH Category - Treatments, Vaccines & Diagnostic Tests";"MeSHCat - Frequency of MeSH Category - Treatments, Vaccines & Diagnostic Tests";"2"
"Izabel Christina Nunes de Palmer Paixão";"Zika";"Frequency of MeSH Category - Clinical manifestations";"MeSHCat - Frequency of MeSH Category - Clinical manifestations";"0"
"Izabel Christina Nunes de Palmer Paixão";"Zika";"Citations from papers in MeSH Category - Vector & Transmission";"MeSHCatCites - Vector & Transmission";"0"
"Izabel Christina Nunes de Palmer Paixão";"Zika";"Citations from papers in MeSH Category - Epidemiology, Outbreaks & Surveillance";"MeSHCatCites - Epidemiology, Outbreaks & Surveillance";"0"
"Izabel Christina Nunes de Palmer Paixão";"Zika";"Citations from papers in MeSH Category - Microcephaly, Fetal infections & Pregnancy Complications";"MeSHCatCites - Microcephaly, Fetal infections & Pregnancy Complications";"0"
"Izabel Christina Nunes de Palmer Paixão";"Zika";"Citations from papers in MeSH Category - Virus Characterization";"MeSHCatCites - Virus Characterization";"0"
"Izabel Christina Nunes de Palmer Paixão";"Zika";"Citations from papers in MeSH Category - Related Diseases";"MeSHCatCites - Related Diseases";"2"
"Izabel Christina Nunes de Palmer Paixão";"Zika";"Citations from papers in MeSH Category - Treatments, Vaccines & Diagnostic Tests";"MeSHCatCites - Treatments, Vaccines & Diagnostic Tests";"2"
"Izabel Christina Nunes de Palmer Paixão";"Zika";"Citations from papers in MeSH Category - Clinical manifestations";"MeSHCatCites - Clinical manifestations";"0"
"Izabel Christina Nunes de Palmer Paixão";"Zika";"Total Citations";"Citations";"6"
"Izabel Christina Nunes de Palmer Paixão";"Zika";"Citations per Paper";"CitationRate";"1.2"
"Izabel Christina Nunes de Palmer Paixão";"Zika";"Number of Authors per Paper";"AvgAuthorNumber";"10.2"
"Izabel Christina Nunes de Palmer Paixão";"Zika";"Number of non-INTL Authors per Paper";"AvgAuthorNumberNonINTL";"3.4"
"Izabel Christina Nunes de Palmer Paixão";"Zika";"Number of INTL Authors per Paper";"AvgAuthorNumberINTL";"1"
"Izabel Christina Nunes de Palmer Paixão";"Zika";"Total Papers";"Papers";"5"
"Izabel Christina Nunes de Palmer Paixão";"Zika";"Papers with International Affiliations";"PapersINTL";"2"
"Izabel Christina Nunes de Palmer Paixão";"Zika";"Percentage of Papers with International Affiliations";"PercPapersINTL";"0.4"
"Izabel Christina Nunes de Palmer Paixão";"Zika";"Academic Age - Years Since the First Paper Record";"Academic Age";"2"
"Izabel Christina Nunes de Palmer Paixão";"Zika";"Percentage of Zika-related papers";"PercZika";"1"
"Izabel Christina Nunes de Palmer Paixão";"Zika";"Number of highly-cited Zika papers";"HighlyCited";"0"
"Izabel Christina Nunes de Palmer Paixão";"All";"Author affiliations";"Affiliation";"UFSC"
"Izabel Christina Nunes de Palmer Paixão";"All";"Authos afilliation states";"State";"SC"
"Izabel Christina Nunes de Palmer Paixão";"All";"Author affiliation regions";"Region";"S"
"Izabel Christina Nunes de Palmer Paixão";"All";"CognitiveCareerNetworkCoupling";"CareerNetCoupling";"Coupled to both"
"Izabel Christina Nunes de Palmer Paixão";"All";"CognitiveCareerNetworkPivot";"CareerNetPivot";"Soft pivot"
"Cristina Barroso Hofer";"Pre-Outbreak";"Most Common Journal Area";"TopField";"INFECTIOUS DISEASES"
"Cristina Barroso Hofer";"Pre-Outbreak";"Total Citations";"Citations";"354"
"Cristina Barroso Hofer";"Pre-Outbreak";"Citations per Paper";"CitationRate";"12.21"
"Cristina Barroso Hofer";"Pre-Outbreak";"Number of Authors per Paper";"AvgAuthorNumber";"8.38"
"Cristina Barroso Hofer";"Pre-Outbreak";"Number of non-INTL Authors per Paper";"AvgAuthorNumberNonINTL";"3.71428571428571"
"Cristina Barroso Hofer";"Pre-Outbreak";"Number of INTL Authors per Paper";"AvgAuthorNumberINTL";"1.19047619047619"
"Cristina Barroso Hofer";"Pre-Outbreak";"Total Papers";"Papers";"21"
"Cristina Barroso Hofer";"Pre-Outbreak";"Papers with International Affiliations";"PapersINTL";"10"
"Cristina Barroso Hofer";"Pre-Outbreak";"Percentage of Papers with International Affiliations";"PercPapersINTL";"0.48"
"Cristina Barroso Hofer";"Pre-Outbreak";"Academic Age - Years Since the First Paper Record";"Academic Age";"27"
"Cristina Barroso Hofer";"Pre-Outbreak";"Percentage of Zika-related papers";"PercZika";"0"
"Cristina Barroso Hofer";"Pre-Outbreak";"Number of highly-cited Zika papers";"HighlyCited";"0"
"Cristina Barroso Hofer";"Post-Outbreak";"Most Common Journal Area";"TopField";"IMMUNOLOGY"
"Cristina Barroso Hofer";"Post-Outbreak";"Total Citations";"Citations";"65"
"Cristina Barroso Hofer";"Post-Outbreak";"Citations per Paper";"CitationRate";"3.25"
"Cristina Barroso Hofer";"Post-Outbreak";"Number of Authors per Paper";"AvgAuthorNumber";"11.85"
"Cristina Barroso Hofer";"Post-Outbreak";"Number of non-INTL Authors per Paper";"AvgAuthorNumberNonINTL";"5.25"
"Cristina Barroso Hofer";"Post-Outbreak";"Number of INTL Authors per Paper";"AvgAuthorNumberINTL";"2.3"
"Cristina Barroso Hofer";"Post-Outbreak";"Total Papers";"Papers";"20"
"Cristina Barroso Hofer";"Post-Outbreak";"Papers with International Affiliations";"PapersINTL";"10"
"Cristina Barroso Hofer";"Post-Outbreak";"Percentage of Papers with International Affiliations";"PercPapersINTL";"0.5"
"Cristina Barroso Hofer";"Post-Outbreak";"Academic Age - Years Since the First Paper Record";"Academic Age";"5"
"Cristina Barroso Hofer";"Post-Outbreak";"Percentage of Zika-related papers";"PercZika";"0.05"
"Cristina Barroso Hofer";"Post-Outbreak";"Number of highly-cited Zika papers";"HighlyCited";"0"
"Cristina Barroso Hofer";"Zika";"Most Common Journal Area";"TopField";"INFECTIOUS DISEASES"
"Cristina Barroso Hofer";"Zika";"Frequency of MeSH Category - Vector & Transmission";"MeSHCat - Frequency of MeSH Category - Vector & Transmission";"0"
"Cristina Barroso Hofer";"Zika";"Frequency of MeSH Category - Epidemiology, Outbreaks & Surveillance";"MeSHCat - Frequency of MeSH Category - Epidemiology, Outbreaks & Surveillance";"1"
"Cristina Barroso Hofer";"Zika";"Frequency of MeSH Category - Microcephaly, Fetal infections & Pregnancy Complications";"MeSHCat - Frequency of MeSH Category - Microcephaly, Fetal infections & Pregnancy Complications";"1"
"Cristina Barroso Hofer";"Zika";"Frequency of MeSH Category - Virus Characterization";"MeSHCat - Frequency of MeSH Category - Virus Characterization";"0"
"Cristina Barroso Hofer";"Zika";"Frequency of MeSH Category - Related Diseases";"MeSHCat - Frequency of MeSH Category - Related Diseases";"0"
"Cristina Barroso Hofer";"Zika";"Frequency of MeSH Category - Treatments, Vaccines & Diagnostic Tests";"MeSHCat - Frequency of MeSH Category - Treatments, Vaccines & Diagnostic Tests";"0"
"Cristina Barroso Hofer";"Zika";"Frequency of MeSH Category - Clinical manifestations";"MeSHCat - Frequency of MeSH Category - Clinical manifestations";"0"
"Cristina Barroso Hofer";"Zika";"Citations from papers in MeSH Category - Vector & Transmission";"MeSHCatCites - Vector & Transmission";"0"
"Cristina Barroso Hofer";"Zika";"Citations from papers in MeSH Category - Epidemiology, Outbreaks & Surveillance";"MeSHCatCites - Epidemiology, Outbreaks & Surveillance";"5"
"Cristina Barroso Hofer";"Zika";"Citations from papers in MeSH Category - Microcephaly, Fetal infections & Pregnancy Complications";"MeSHCatCites - Microcephaly, Fetal infections & Pregnancy Complications";"5"
"Cristina Barroso Hofer";"Zika";"Citations from papers in MeSH Category - Virus Characterization";"MeSHCatCites - Virus Characterization";"0"
"Cristina Barroso Hofer";"Zika";"Citations from papers in MeSH Category - Related Diseases";"MeSHCatCites - Related Diseases";"0"
"Cristina Barroso Hofer";"Zika";"Citations from papers in MeSH Category - Treatments, Vaccines & Diagnostic Tests";"MeSHCatCites - Treatments, Vaccines & Diagnostic Tests";"0"
"Cristina Barroso Hofer";"Zika";"Citations from papers in MeSH Category - Clinical manifestations";"MeSHCatCites - Clinical manifestations";"0"
"Cristina Barroso Hofer";"Zika";"Total Citations";"Citations";"5"
"Cristina Barroso Hofer";"Zika";"Citations per Paper";"CitationRate";"5"
"Cristina Barroso Hofer";"Zika";"Number of Authors per Paper";"AvgAuthorNumber";"10"
"Cristina Barroso Hofer";"Zika";"Number of non-INTL Authors per Paper";"AvgAuthorNumberNonINTL";"3"
"Cristina Barroso Hofer";"Zika";"Number of INTL Authors per Paper";"AvgAuthorNumberINTL";"0"
"Cristina Barroso Hofer";"Zika";"Total Papers";"Papers";"1"
"Cristina Barroso Hofer";"Zika";"Papers with International Affiliations";"PapersINTL";"0"
"Cristina Barroso Hofer";"Zika";"Percentage of Papers with International Affiliations";"PercPapersINTL";"0"
"Cristina Barroso Hofer";"Zika";"Academic Age - Years Since the First Paper Record";"Academic Age";"2"
"Cristina Barroso Hofer";"Zika";"Percentage of Zika-related papers";"PercZika";"1"
"Cristina Barroso Hofer";"Zika";"Number of highly-cited Zika papers";"HighlyCited";"0"
"Cristina Barroso Hofer";"All";"Author affiliations";"Affiliation";"FIOCRUZ;FIOCRUZ MS;FIOCRUZ RJ;UFRJ"
"Cristina Barroso Hofer";"All";"Authos afilliation states";"State";"RJ;MS"
"Cristina Barroso Hofer";"All";"Author affiliation regions";"Region";"SE;CO"
"Cristina Barroso Hofer";"All";"CognitiveCareerNetworkCoupling";"CareerNetCoupling";"Coupled to Zika through non-Zika"
"Cristina Barroso Hofer";"All";"CognitiveCareerNetworkPivot";"CareerNetPivot";"Soft pivot"
"SAMUELS RI";"Pre-Outbreak";"Most Common Journal Area";"TopField";"ENTOMOLOGY"
"SAMUELS RI";"Pre-Outbreak";"Total Citations";"Citations";"1226"
"SAMUELS RI";"Pre-Outbreak";"Citations per Paper";"CitationRate";"20.78"
"SAMUELS RI";"Pre-Outbreak";"Number of Authors per Paper";"AvgAuthorNumber";"4.71"
"SAMUELS RI";"Pre-Outbreak";"Number of non-INTL Authors per Paper";"AvgAuthorNumberNonINTL";"3.03703703703704"
"SAMUELS RI";"Pre-Outbreak";"Number of INTL Authors per Paper";"AvgAuthorNumberINTL";"0.259259259259259"
"SAMUELS RI";"Pre-Outbreak";"Total Papers";"Papers";"27"
"SAMUELS RI";"Pre-Outbreak";"Papers with International Affiliations";"PapersINTL";"6"
"SAMUELS RI";"Pre-Outbreak";"Percentage of Papers with International Affiliations";"PercPapersINTL";"0.22"
"SAMUELS RI";"Pre-Outbreak";"Academic Age - Years Since the First Paper Record";"Academic Age";"38"
"SAMUELS RI";"Pre-Outbreak";"Percentage of Zika-related papers";"PercZika";"0"
"SAMUELS RI";"Pre-Outbreak";"Number of highly-cited Zika papers";"HighlyCited";"0"
"SAMUELS RI";"Post-Outbreak";"Most Common Journal Area";"TopField";"PHARMACOLOGY & PHARMACY"
"SAMUELS RI";"Post-Outbreak";"Total Citations";"Citations";"124"
"SAMUELS RI";"Post-Outbreak";"Citations per Paper";"CitationRate";"11.27"
"SAMUELS RI";"Post-Outbreak";"Number of Authors per Paper";"AvgAuthorNumber";"7.27"
"SAMUELS RI";"Post-Outbreak";"Number of non-INTL Authors per Paper";"AvgAuthorNumberNonINTL";"3.3"
"SAMUELS RI";"Post-Outbreak";"Number of INTL Authors per Paper";"AvgAuthorNumberINTL";"0.7"
"SAMUELS RI";"Post-Outbreak";"Total Papers";"Papers";"10"
"SAMUELS RI";"Post-Outbreak";"Papers with International Affiliations";"PapersINTL";"6"
"SAMUELS RI";"Post-Outbreak";"Percentage of Papers with International Affiliations";"PercPapersINTL";"0.6"
"SAMUELS RI";"Post-Outbreak";"Academic Age - Years Since the First Paper Record";"Academic Age";"5"
"SAMUELS RI";"Post-Outbreak";"Percentage of Zika-related papers";"PercZika";"0.27"
"SAMUELS RI";"Post-Outbreak";"Number of highly-cited Zika papers";"HighlyCited";"0"
"SAMUELS RI";"Zika";"Most Common Journal Area";"TopField";"PARASITOLOGY"
"SAMUELS RI";"Zika";"Frequency of MeSH Category - Vector & Transmission";"MeSHCat - Frequency of MeSH Category - Vector & Transmission";"2"
"SAMUELS RI";"Zika";"Frequency of MeSH Category - Epidemiology, Outbreaks & Surveillance";"MeSHCat - Frequency of MeSH Category - Epidemiology, Outbreaks & Surveillance";"0"
"SAMUELS RI";"Zika";"Frequency of MeSH Category - Microcephaly, Fetal infections & Pregnancy Complications";"MeSHCat - Frequency of MeSH Category - Microcephaly, Fetal infections & Pregnancy Complications";"0"
"SAMUELS RI";"Zika";"Frequency of MeSH Category - Virus Characterization";"MeSHCat - Frequency of MeSH Category - Virus Characterization";"0"
"SAMUELS RI";"Zika";"Frequency of MeSH Category - Related Diseases";"MeSHCat - Frequency of MeSH Category - Related Diseases";"0"
"SAMUELS RI";"Zika";"Frequency of MeSH Category - Treatments, Vaccines & Diagnostic Tests";"MeSHCat - Frequency of MeSH Category - Treatments, Vaccines & Diagnostic Tests";"0"
"SAMUELS RI";"Zika";"Frequency of MeSH Category - Clinical manifestations";"MeSHCat - Frequency of MeSH Category - Clinical manifestations";"0"
"SAMUELS RI";"Zika";"Citations from papers in MeSH Category - Vector & Transmission";"MeSHCatCites - Vector & Transmission";"34"
"SAMUELS RI";"Zika";"Citations from papers in MeSH Category - Epidemiology, Outbreaks & Surveillance";"MeSHCatCites - Epidemiology, Outbreaks & Surveillance";"0"
"SAMUELS RI";"Zika";"Citations from papers in MeSH Category - Microcephaly, Fetal infections & Pregnancy Complications";"MeSHCatCites - Microcephaly, Fetal infections & Pregnancy Complications";"0"
"SAMUELS RI";"Zika";"Citations from papers in MeSH Category - Virus Characterization";"MeSHCatCites - Virus Characterization";"0"
"SAMUELS RI";"Zika";"Citations from papers in MeSH Category - Related Diseases";"MeSHCatCites - Related Diseases";"0"
"SAMUELS RI";"Zika";"Citations from papers in MeSH Category - Treatments, Vaccines & Diagnostic Tests";"MeSHCatCites - Treatments, Vaccines & Diagnostic Tests";"0"
"SAMUELS RI";"Zika";"Citations from papers in MeSH Category - Clinical manifestations";"MeSHCatCites - Clinical manifestations";"0"
"SAMUELS RI";"Zika";"Total Citations";"Citations";"39"
"SAMUELS RI";"Zika";"Citations per Paper";"CitationRate";"13"
"SAMUELS RI";"Zika";"Number of Authors per Paper";"AvgAuthorNumber";"6.67"
"SAMUELS RI";"Zika";"Number of non-INTL Authors per Paper";"AvgAuthorNumberNonINTL";"1.33333333333333"
"SAMUELS RI";"Zika";"Number of INTL Authors per Paper";"AvgAuthorNumberINTL";"1.33333333333333"
"SAMUELS RI";"Zika";"Total Papers";"Papers";"3"
"SAMUELS RI";"Zika";"Papers with International Affiliations";"PapersINTL";"3"
"SAMUELS RI";"Zika";"Percentage of Papers with International Affiliations";"PercPapersINTL";"1"
"SAMUELS RI";"Zika";"Academic Age - Years Since the First Paper Record";"Academic Age";"5"
"SAMUELS RI";"Zika";"Percentage of Zika-related papers";"PercZika";"1"
"SAMUELS RI";"Zika";"Number of highly-cited Zika papers";"HighlyCited";"0"
"SAMUELS RI";"All";"Author affiliations";"Affiliation";"UENF"
"SAMUELS RI";"All";"Authos afilliation states";"State";"RJ"
"SAMUELS RI";"All";"Author affiliation regions";"Region";"SE"
"SAMUELS RI";"All";"CognitiveCareerNetworkCoupling";"CareerNetCoupling";"Coupled to both"
"SAMUELS RI";"All";"CognitiveCareerNetworkPivot";"CareerNetPivot";"Soft pivot"
